{
  "target_region": [
    "left_eye",
    "right_eye"
  ],
  "results": {
    "all98": {
      "subset_size": 98,
      "subset": [
        0,
        1,
        2,
        3,
        4,
        5,
        6,
        7,
        8,
        9,
        10,
        11,
        12,
        13,
        14,
        15,
        16,
        17,
        18,
        19,
        20,
        21,
        22,
        23,
        24,
        25,
        26,
        27,
        28,
        29,
        30,
        31,
        32,
        33,
        34,
        35,
        36,
        37,
        38,
        39,
        40,
        41,
        42,
        43,
        44,
        45,
        46,
        47,
        48,
        49,
        50,
        51,
        52,
        53,
        54,
        55,
        56,
        57,
        58,
        59,
        60,
        61,
        62,
        63,
        64,
        65,
        66,
        67,
        68,
        69,
        70,
        71,
        72,
        73,
        74,
        75,
        76,
        77,
        78,
        79,
        80,
        81,
        82,
        83,
        84,
        85,
        86,
        87,
        88,
        89,
        90,
        91,
        92,
        93,
        94,
        95,
        96,
        97
      ],
      "per_participant": {
        "p00": 5.340752124786377,
        "p01": 7.35975456237793,
        "p02": 8.898642539978027,
        "p03": 9.299187660217285,
        "p04": 8.954323768615723,
        "p05": 13.553858757019043,
        "p06": 5.978084087371826,
        "p07": 7.029272079467773,
        "p08": 9.705322265625,
        "p09": 7.809174060821533,
        "p10": 5.415162086486816,
        "p11": 8.49170970916748,
        "p12": 14.150590896606445,
        "p13": 8.324031829833984,
        "p14": 14.179861068725586
      },
      "mean_deg": 8.965981833140056,
      "std_deg": 2.8137736988432915
    },
    "eye_support": {
      "subset_size": 84,
      "subset": [
        0,
        1,
        2,
        3,
        4,
        5,
        6,
        9,
        10,
        11,
        12,
        13,
        14,
        15,
        16,
        17,
        18,
        19,
        24,
        25,
        26,
        30,
        31,
        32,
        33,
        34,
        35,
        36,
        37,
        38,
        39,
        40,
        41,
        42,
        43,
        44,
        45,
        46,
        47,
        48,
        49,
        50,
        51,
        52,
        53,
        54,
        55,
        57,
        58,
        59,
        60,
        61,
        62,
        63,
        64,
        65,
        66,
        67,
        68,
        69,
        70,
        71,
        72,
        73,
        74,
        75,
        76,
        77,
        79,
        80,
        81,
        82,
        83,
        85,
        86,
        87,
        89,
        90,
        91,
        92,
        93,
        94,
        96,
        97
      ],
      "per_participant": {
        "p00": 5.558967590332031,
        "p01": 7.909974575042725,
        "p02": 8.382259368896484,
        "p03": 8.797332763671875,
        "p04": 9.300622940063477,
        "p05": 13.481874465942383,
        "p06": 5.694626331329346,
        "p07": 6.562143325805664,
        "p08": 9.26140308380127,
        "p09": 7.396910190582275,
        "p10": 4.990096092224121,
        "p11": 7.915115833282471,
        "p12": 13.508461952209473,
        "p13": 8.543344497680664,
        "p14": 13.711877822875977
      },
      "mean_deg": 8.734334055582682,
      "std_deg": 2.7333759559099833
    },
    "non_support": {
      "subset_size": 14,
      "subset": [
        7,
        8,
        20,
        21,
        22,
        23,
        27,
        28,
        29,
        56,
        78,
        84,
        88,
        95
      ],
      "per_participant": {
        "p00": 9.832843780517578,
        "p01": 10.721495628356934,
        "p02": 10.36623764038086,
        "p03": 15.730990409851074,
        "p04": 8.114447593688965,
        "p05": 9.87447738647461,
        "p06": 10.066977500915527,
        "p07": 10.761174201965332,
        "p08": 13.077786445617676,
        "p09": 12.027693748474121,
        "p10": 8.432418823242188,
        "p11": 10.630605697631836,
        "p12": 12.976880073547363,
        "p13": 11.558598518371582,
        "p14": 10.969377517700195
      },
      "mean_deg": 11.00946699778239,
      "std_deg": 1.845110341971338
    }
  }
}