{
  "target_region": [
    "left_eye",
    "right_eye"
  ],
  "results": {
    "all98": {
      "subset_size": 98,
      "subset": [
        0,
        1,
        2,
        3,
        4,
        5,
        6,
        7,
        8,
        9,
        10,
        11,
        12,
        13,
        14,
        15,
        16,
        17,
        18,
        19,
        20,
        21,
        22,
        23,
        24,
        25,
        26,
        27,
        28,
        29,
        30,
        31,
        32,
        33,
        34,
        35,
        36,
        37,
        38,
        39,
        40,
        41,
        42,
        43,
        44,
        45,
        46,
        47,
        48,
        49,
        50,
        51,
        52,
        53,
        54,
        55,
        56,
        57,
        58,
        59,
        60,
        61,
        62,
        63,
        64,
        65,
        66,
        67,
        68,
        69,
        70,
        71,
        72,
        73,
        74,
        75,
        76,
        77,
        78,
        79,
        80,
        81,
        82,
        83,
        84,
        85,
        86,
        87,
        88,
        89,
        90,
        91,
        92,
        93,
        94,
        95,
        96,
        97
      ],
      "per_participant": {
        "p00": 5.189765930175781,
        "p01": 7.618818283081055,
        "p02": 7.504297256469727,
        "p03": 9.285897254943848,
        "p04": 9.628901481628418,
        "p05": 13.51268482208252,
        "p06": 5.369083404541016,
        "p07": 6.693541526794434,
        "p08": 9.243876457214355,
        "p09": 7.495251178741455,
        "p10": 5.4368743896484375,
        "p11": 7.8536787033081055,
        "p12": 12.32465934753418,
        "p13": 8.449625968933105,
        "p14": 13.830881118774414
      },
      "mean_deg": 8.62918914159139,
      "std_deg": 2.670485506973564
    },
    "eye_support": {
      "subset_size": 85,
      "subset": [
        0,
        1,
        2,
        3,
        4,
        9,
        10,
        11,
        15,
        16,
        17,
        18,
        20,
        21,
        22,
        23,
        25,
        26,
        27,
        28,
        29,
        30,
        31,
        32,
        33,
        34,
        35,
        36,
        37,
        38,
        39,
        40,
        41,
        42,
        43,
        44,
        45,
        46,
        47,
        48,
        49,
        50,
        51,
        52,
        53,
        54,
        55,
        56,
        57,
        58,
        59,
        60,
        61,
        62,
        63,
        64,
        65,
        66,
        67,
        68,
        69,
        70,
        71,
        72,
        73,
        74,
        75,
        76,
        77,
        78,
        79,
        80,
        81,
        84,
        85,
        86,
        87,
        88,
        89,
        90,
        91,
        92,
        94,
        96,
        97
      ],
      "per_participant": {
        "p00": 5.0151896476745605,
        "p01": 8.708880424499512,
        "p02": 7.6580810546875,
        "p03": 9.176851272583008,
        "p04": 9.38488483428955,
        "p05": 13.359260559082031,
        "p06": 5.335541248321533,
        "p07": 7.501194000244141,
        "p08": 8.999049186706543,
        "p09": 7.209498882293701,
        "p10": 5.360018730163574,
        "p11": 7.633505821228027,
        "p12": 12.153581619262695,
        "p13": 8.8651704788208,
        "p14": 13.786176681518555
      },
      "mean_deg": 8.676458962758382,
      "std_deg": 2.6108067675339877
    },
    "non_support": {
      "subset_size": 13,
      "subset": [
        5,
        6,
        7,
        8,
        12,
        13,
        14,
        19,
        24,
        82,
        83,
        93,
        95
      ],
      "per_participant": {
        "p00": 10.831748962402344,
        "p01": 8.320253372192383,
        "p02": 11.345625877380371,
        "p03": 15.555333137512207,
        "p04": 7.787253379821777,
        "p05": 11.021297454833984,
        "p06": 10.279281616210938,
        "p07": 11.941734313964844,
        "p08": 13.192268371582031,
        "p09": 9.946700096130371,
        "p10": 10.49355411529541,
        "p11": 9.609395980834961,
        "p12": 12.461437225341797,
        "p13": 10.722448348999023,
        "p14": 12.03829288482666
      },
      "mean_deg": 11.03644167582194,
      "std_deg": 1.847251556765926
    }
  }
}