{
  "target_region": [
    "left_eye",
    "right_eye"
  ],
  "results": {
    "all98": {
      "subset_size": 98,
      "subset": [
        0,
        1,
        2,
        3,
        4,
        5,
        6,
        7,
        8,
        9,
        10,
        11,
        12,
        13,
        14,
        15,
        16,
        17,
        18,
        19,
        20,
        21,
        22,
        23,
        24,
        25,
        26,
        27,
        28,
        29,
        30,
        31,
        32,
        33,
        34,
        35,
        36,
        37,
        38,
        39,
        40,
        41,
        42,
        43,
        44,
        45,
        46,
        47,
        48,
        49,
        50,
        51,
        52,
        53,
        54,
        55,
        56,
        57,
        58,
        59,
        60,
        61,
        62,
        63,
        64,
        65,
        66,
        67,
        68,
        69,
        70,
        71,
        72,
        73,
        74,
        75,
        76,
        77,
        78,
        79,
        80,
        81,
        82,
        83,
        84,
        85,
        86,
        87,
        88,
        89,
        90,
        91,
        92,
        93,
        94,
        95,
        96,
        97
      ],
      "per_participant": {
        "p00": 4.89094352722168,
        "p01": 8.032468795776367,
        "p02": 6.312607288360596,
        "p03": 8.387009620666504,
        "p04": 9.611684799194336,
        "p05": 13.218485832214355,
        "p06": 5.2956037521362305,
        "p07": 6.7675981521606445,
        "p08": 8.876108169555664,
        "p09": 7.515979290008545,
        "p10": 4.538336277008057,
        "p11": 7.098356246948242,
        "p12": 11.824318885803223,
        "p13": 8.11527156829834,
        "p14": 14.632367134094238
      },
      "mean_deg": 8.341142622629802,
      "std_deg": 2.85197350781197
    },
    "eye_support": {
      "subset_size": 59,
      "subset": [
        0,
        1,
        2,
        3,
        26,
        27,
        28,
        29,
        30,
        31,
        32,
        33,
        34,
        35,
        36,
        37,
        38,
        39,
        40,
        41,
        42,
        43,
        44,
        45,
        46,
        47,
        48,
        49,
        50,
        51,
        52,
        53,
        54,
        57,
        58,
        59,
        60,
        61,
        62,
        63,
        64,
        65,
        66,
        67,
        68,
        69,
        70,
        71,
        72,
        73,
        74,
        75,
        78,
        79,
        80,
        81,
        91,
        96,
        97
      ],
      "per_participant": {
        "p00": 5.671213150024414,
        "p01": 7.604176044464111,
        "p02": 8.433493614196777,
        "p03": 10.119016647338867,
        "p04": 9.1629638671875,
        "p05": 10.947504997253418,
        "p06": 5.246214389801025,
        "p07": 6.516143798828125,
        "p08": 8.738228797912598,
        "p09": 6.018139839172363,
        "p10": 4.586630821228027,
        "p11": 7.558952808380127,
        "p12": 9.073363304138184,
        "p13": 9.82094669342041,
        "p14": 12.359065055847168
      },
      "mean_deg": 8.123736921946207,
      "std_deg": 2.154709768341471
    },
    "non_support": {
      "subset_size": 39,
      "subset": [
        4,
        5,
        6,
        7,
        8,
        9,
        10,
        11,
        12,
        13,
        14,
        15,
        16,
        17,
        18,
        19,
        20,
        21,
        22,
        23,
        24,
        25,
        55,
        56,
        76,
        77,
        82,
        83,
        84,
        85,
        86,
        87,
        88,
        89,
        90,
        92,
        93,
        94,
        95
      ],
      "per_participant": {
        "p00": 10.867877006530762,
        "p01": 8.80091667175293,
        "p02": 9.855703353881836,
        "p03": 15.769755363464355,
        "p04": 8.194992065429688,
        "p05": 11.628030776977539,
        "p06": 9.908036231994629,
        "p07": 11.680135726928711,
        "p08": 12.859063148498535,
        "p09": 9.515459060668945,
        "p10": 11.078289985656738,
        "p11": 9.680933952331543,
        "p12": 12.419775009155273,
        "p13": 11.51403522491455,
        "p14": 11.138487815856934
      },
      "mean_deg": 10.994099426269532,
      "std_deg": 1.7988062471611173
    }
  }
}