{
  "contour": {
    "0.001": {
      "seed42": 95,
      "seed7": 95,
      "seed13": 95,
      "min": 95,
      "max": 95,
      "mean": 95.0,
      "stdev": 0.0,
      "range": 0
    },
    "0.002": {
      "seed42": 94,
      "seed7": 94,
      "seed13": 93,
      "min": 93,
      "max": 94,
      "mean": 93.66666666666667,
      "stdev": 0.5773502691896257,
      "range": 1
    },
    "0.003": {
      "seed42": 91,
      "seed7": 90,
      "seed13": 90,
      "min": 90,
      "max": 91,
      "mean": 90.33333333333333,
      "stdev": 0.5773502691896257,
      "range": 1
    },
    "0.005": {
      "seed42": 85,
      "seed7": 82,
      "seed13": 85,
      "min": 82,
      "max": 85,
      "mean": 84.0,
      "stdev": 1.7320508075688772,
      "range": 3
    },
    "0.007": {
      "seed42": 82,
      "seed7": 80,
      "seed13": 81,
      "min": 80,
      "max": 82,
      "mean": 81.0,
      "stdev": 1.0,
      "range": 2
    },
    "0.010": {
      "seed42": 75,
      "seed7": 72,
      "seed13": 73,
      "min": 72,
      "max": 75,
      "mean": 73.33333333333333,
      "stdev": 1.5275252316519468,
      "range": 3
    },
    "0.015": {
      "seed42": 64,
      "seed7": 65,
      "seed13": 61,
      "min": 61,
      "max": 65,
      "mean": 63.333333333333336,
      "stdev": 2.0816659994661326,
      "range": 4
    },
    "0.020": {
      "seed42": 54,
      "seed7": 62,
      "seed13": 52,
      "min": 52,
      "max": 62,
      "mean": 56.0,
      "stdev": 5.291502622129181,
      "range": 10
    }
  },
  "left_brow": {
    "0.001": {
      "seed42": 71,
      "seed7": 81,
      "seed13": 94,
      "min": 71,
      "max": 94,
      "mean": 82.0,
      "stdev": 11.532562594670797,
      "range": 23
    },
    "0.002": {
      "seed42": 69,
      "seed7": 73,
      "seed13": 92,
      "min": 69,
      "max": 92,
      "mean": 78.0,
      "stdev": 12.288205727444508,
      "range": 23
    },
    "0.003": {
      "seed42": 61,
      "seed7": 70,
      "seed13": 79,
      "min": 61,
      "max": 79,
      "mean": 70.0,
      "stdev": 9.0,
      "range": 18
    },
    "0.005": {
      "seed42": 50,
      "seed7": 58,
      "seed13": 64,
      "min": 50,
      "max": 64,
      "mean": 57.333333333333336,
      "stdev": 7.023769168568492,
      "range": 14
    },
    "0.007": {
      "seed42": 37,
      "seed7": 48,
      "seed13": 41,
      "min": 37,
      "max": 48,
      "mean": 42.0,
      "stdev": 5.5677643628300215,
      "range": 11
    },
    "0.010": {
      "seed42": 31,
      "seed7": 42,
      "seed13": 32,
      "min": 31,
      "max": 42,
      "mean": 35.0,
      "stdev": 6.082762530298219,
      "range": 11
    },
    "0.015": {
      "seed42": 22,
      "seed7": 33,
      "seed13": 22,
      "min": 22,
      "max": 33,
      "mean": 25.666666666666668,
      "stdev": 6.3508529610858835,
      "range": 11
    },
    "0.020": {
      "seed42": 18,
      "seed7": 22,
      "seed13": 17,
      "min": 17,
      "max": 22,
      "mean": 19.0,
      "stdev": 2.6457513110645907,
      "range": 5
    }
  },
  "right_brow": {
    "0.001": {
      "seed42": 85,
      "seed7": 88,
      "seed13": 72,
      "min": 72,
      "max": 88,
      "mean": 81.66666666666667,
      "stdev": 8.504900548115382,
      "range": 16
    },
    "0.002": {
      "seed42": 77,
      "seed7": 71,
      "seed13": 60,
      "min": 60,
      "max": 77,
      "mean": 69.33333333333333,
      "stdev": 8.621678104251709,
      "range": 17
    },
    "0.003": {
      "seed42": 72,
      "seed7": 64,
      "seed13": 51,
      "min": 51,
      "max": 72,
      "mean": 62.333333333333336,
      "stdev": 10.598742063723098,
      "range": 21
    },
    "0.005": {
      "seed42": 50,
      "seed7": 57,
      "seed13": 39,
      "min": 39,
      "max": 57,
      "mean": 48.666666666666664,
      "stdev": 9.073771725877465,
      "range": 18
    },
    "0.007": {
      "seed42": 47,
      "seed7": 53,
      "seed13": 33,
      "min": 33,
      "max": 53,
      "mean": 44.333333333333336,
      "stdev": 10.263202878893768,
      "range": 20
    },
    "0.010": {
      "seed42": 29,
      "seed7": 34,
      "seed13": 28,
      "min": 28,
      "max": 34,
      "mean": 30.333333333333332,
      "stdev": 3.2145502536643185,
      "range": 6
    },
    "0.015": {
      "seed42": 20,
      "seed7": 29,
      "seed13": 22,
      "min": 20,
      "max": 29,
      "mean": 23.666666666666668,
      "stdev": 4.725815626252609,
      "range": 9
    },
    "0.020": {
      "seed42": 17,
      "seed7": 26,
      "seed13": 18,
      "min": 17,
      "max": 26,
      "mean": 20.333333333333332,
      "stdev": 4.932882862316247,
      "range": 9
    }
  },
  "nose": {
    "0.001": {
      "seed42": 83,
      "seed7": 91,
      "seed13": 90,
      "min": 83,
      "max": 91,
      "mean": 88.0,
      "stdev": 4.358898943540674,
      "range": 8
    },
    "0.002": {
      "seed42": 79,
      "seed7": 87,
      "seed13": 87,
      "min": 79,
      "max": 87,
      "mean": 84.33333333333333,
      "stdev": 4.618802153517006,
      "range": 8
    },
    "0.003": {
      "seed42": 72,
      "seed7": 81,
      "seed13": 78,
      "min": 72,
      "max": 81,
      "mean": 77.0,
      "stdev": 4.58257569495584,
      "range": 9
    },
    "0.005": {
      "seed42": 62,
      "seed7": 60,
      "seed13": 69,
      "min": 60,
      "max": 69,
      "mean": 63.666666666666664,
      "stdev": 4.725815626252609,
      "range": 9
    },
    "0.007": {
      "seed42": 53,
      "seed7": 56,
      "seed13": 60,
      "min": 53,
      "max": 60,
      "mean": 56.333333333333336,
      "stdev": 3.511884584284246,
      "range": 7
    },
    "0.010": {
      "seed42": 48,
      "seed7": 51,
      "seed13": 39,
      "min": 39,
      "max": 51,
      "mean": 46.0,
      "stdev": 6.244997998398398,
      "range": 12
    },
    "0.015": {
      "seed42": 35,
      "seed7": 38,
      "seed13": 30,
      "min": 30,
      "max": 38,
      "mean": 34.333333333333336,
      "stdev": 4.041451884327381,
      "range": 8
    },
    "0.020": {
      "seed42": 27,
      "seed7": 31,
      "seed13": 22,
      "min": 22,
      "max": 31,
      "mean": 26.666666666666668,
      "stdev": 4.509249752822894,
      "range": 9
    }
  },
  "left_eye": {
    "0.001": {
      "seed42": 79,
      "seed7": 85,
      "seed13": 94,
      "min": 79,
      "max": 94,
      "mean": 86.0,
      "stdev": 7.54983443527075,
      "range": 15
    },
    "0.002": {
      "seed42": 62,
      "seed7": 79,
      "seed13": 83,
      "min": 62,
      "max": 83,
      "mean": 74.66666666666667,
      "stdev": 11.150485789118488,
      "range": 21
    },
    "0.003": {
      "seed42": 51,
      "seed7": 73,
      "seed13": 81,
      "min": 51,
      "max": 81,
      "mean": 68.33333333333333,
      "stdev": 15.534906930308058,
      "range": 30
    },
    "0.005": {
      "seed42": 38,
      "seed7": 57,
      "seed13": 75,
      "min": 38,
      "max": 75,
      "mean": 56.666666666666664,
      "stdev": 18.502252115170556,
      "range": 37
    },
    "0.007": {
      "seed42": 33,
      "seed7": 49,
      "seed13": 58,
      "min": 33,
      "max": 58,
      "mean": 46.666666666666664,
      "stdev": 12.662279942148386,
      "range": 25
    },
    "0.010": {
      "seed42": 24,
      "seed7": 37,
      "seed13": 32,
      "min": 24,
      "max": 37,
      "mean": 31.0,
      "stdev": 6.557438524302,
      "range": 13
    },
    "0.015": {
      "seed42": 21,
      "seed7": 23,
      "seed13": 22,
      "min": 21,
      "max": 23,
      "mean": 22.0,
      "stdev": 1.0,
      "range": 2
    },
    "0.020": {
      "seed42": 17,
      "seed7": 21,
      "seed13": 19,
      "min": 17,
      "max": 21,
      "mean": 19.0,
      "stdev": 2.0,
      "range": 4
    }
  },
  "right_eye": {
    "0.001": {
      "seed42": 69,
      "seed7": 93,
      "seed13": 76,
      "min": 69,
      "max": 93,
      "mean": 79.33333333333333,