{
  "42": {
    "signoff": {
      "overall": 0.046842385083436966,
      "contour": 0.06666521728038788,
      "left_brow": 0.042355071753263474,
      "right_brow": 0.04190165549516678,
      "nose": 0.03201897442340851,
      "left_eye": 0.03106546588242054,
      "right_eye": 0.0315052829682827,
      "mouth_outer": 0.040631070733070374,
      "mouth_inner": 0.036676324903964996
    },
    "dark": {
      "overall": 0.04565715417265892,
      "contour": 0.066013865172863,
      "left_brow": 0.041528914123773575,
      "right_brow": 0.04063953459262848,
      "nose": 0.030381139367818832,
      "left_eye": 0.029313454404473305,
      "right_eye": 0.02959064394235611,
      "mouth_outer": 0.03930099681019783,
      "mouth_inner": 0.03515605255961418
    }
  },
  "7": {
    "signoff": {
      "overall": 0.04622736945748329,
      "contour": 0.06568592041730881,
      "left_brow": 0.04093638435006142,
      "right_brow": 0.042257748544216156,
      "nose": 0.0313308984041214,
      "left_eye": 0.030600756406784058,
      "right_eye": 0.03162124752998352,
      "mouth_outer": 0.0400378480553627,
      "mouth_inner": 0.036433663219213486
    },
    "dark": {
      "overall": 0.04506305977702141,
      "contour": 0.06504381448030472,
      "left_brow": 0.03968147933483124,
      "right_brow": 0.041147924959659576,
      "nose": 0.029918435961008072,
      "left_eye": 0.028988372534513474,
      "right_eye": 0.030089642852544785,
      "mouth_outer": 0.038625095039606094,
      "mouth_inner": 0.03472502902150154
    }
  },
  "13": {
    "signoff": {
      "overall": 0.04744734615087509,
      "contour": 0.06763271242380142,
      "left_brow": 0.041492678225040436,
      "right_brow": 0.042748451232910156,
      "nose": 0.03253309056162834,
      "left_eye": 0.030989086255431175,
      "right_eye": 0.03213727846741676,
      "mouth_outer": 0.04160702973604202,
      "mouth_inner": 0.03744632750749588
    },
    "dark": {
      "overall": 0.04623747617006302,
      "contour": 0.06695136427879333,
      "left_brow": 0.04018506407737732,
      "right_brow": 0.04097704216837883,
      "nose": 0.03148620203137398,
      "left_eye": 0.029366672039031982,
      "right_eye": 0.03007693402469158,
      "mouth_outer": 0.040392570197582245,
      "mouth_inner": 0.036042436957359314
    }
  }
}