{
  "tau": 0.005,
  "seeds": [
    42,
    7,
    13
  ],
  "radii": [
    4,
    8,
    12
  ],
  "per_region_per_seed_per_radius": {
    "contour": {
      "42": {
        "4": 55,
        "8": 85,
        "12": 93
      },
      "7": {
        "4": 63,
        "8": 82,
        "12": 92
      },
      "13": {
        "4": 55,
        "8": 85,
        "12": 89
      }
    },
    "left_brow": {
      "42": {
        "4": 15,
        "8": 50,
        "12": 67
      },
      "7": {
        "4": 26,
        "8": 58,
        "12": 60
      },
      "13": {
        "4": 16,
        "8": 64,
        "12": 81
      }
    },
    "right_brow": {
      "42": {
        "4": 13,
        "8": 50,
        "12": 72
      },
      "7": {
        "4": 38,
        "8": 57,
        "12": 72
      },
      "13": {
        "4": 13,
        "8": 39,
        "12": 66
      }
    },
    "nose": {
      "42": {
        "4": 16,
        "8": 62,
        "12": 72
      },
      "7": {
        "4": 40,
        "8": 60,
        "12": 74
      },
      "13": {
        "4": 17,
        "8": 69,
        "12": 84
      }
    },
    "left_eye": {
      "42": {
        "4": 18,
        "8": 38,
        "12": 58
      },
      "7": {
        "4": 23,
        "8": 57,
        "12": 72
      },
      "13": {
        "4": 23,
        "8": 75,
        "12": 84
      }
    },
    "right_eye": {
      "42": {
        "4": 18,
        "8": 41,
        "12": 60
      },
      "7": {
        "4": 19,
        "8": 65,
        "12": 73
      },
      "13": {
        "4": 18,
        "8": 46,
        "12": 66
      }
    },
    "mouth_outer": {
      "42": {
        "4": 28,
        "8": 49,
        "12": 65
      },
      "7": {
        "4": 24,
        "8": 62,
        "12": 69
      },
      "13": {
        "4": 33,
        "8": 48,
        "12": 63
      }
    },
    "mouth_inner": {
      "42": {
        "4": 27,
        "8": 47,
        "12": 62
      },
      "7": {
        "4": 35,
        "8": 64,
        "12": 74
      },
      "13": {
        "4": 29,
        "8": 47,
        "12": 58
      }
    }
  },
  "cross_seed_per_radius": {
    "contour": {
      "4": {
        "values": [
          55,
          63,
          55
        ],
        "mean": 57.666666666666664,
        "stdev": 4.618802153517006,
        "min": 55,
        "max": 63,
        "range": 8
      },
      "8": {
        "values": [
          85,
          82,
          85
        ],
        "mean": 84.0,
        "stdev": 1.7320508075688772,
        "min": 82,
        "max": 85,
        "range": 3
      },
      "12": {
        "values": [
          93,
          92,
          89
        ],
        "mean": 91.33333333333333,
        "stdev": 2.0816659994661326,
        "min": 89,
        "max": 93,
        "range": 4
      }
    },
    "left_brow": {
      "4": {
        "values": [
          15,
          26,
          16
        ],
        "mean": 19.0,
        "stdev": 6.082762530298219,
        "min": 15,
        "max": 26,
        "range": 11
      },
      "8": {
        "values": [
          50,
          58,
          64
        ],
        "mean": 57.333333333333336,
        "stdev": 7.023769168568492,
        "min": 50,
        "max": 64,
        "range": 14
      },
      "12": {
        "values": [
          67,
          60,
          81
        ],
        "mean": 69.33333333333333,
        "stdev": 10.692676621563626,
        "min": 60,
        "max": 81,
        "range": 21
      }
    },
    "right_brow": {
      "4": {
        "values": [
          13,
          38,
          13
        ],
        "mean": 21.333333333333332,
        "stdev": 14.433756729740644,
        "min": 13,
        "max": 38,
        "range": 25
      },
      "8": {
        "values": [
          50,
          57,
          39
        ],
        "mean": 48.666666666666664,
        "stdev": 9.073771725877465,
        "min": 39,
        "max": 57,
        "range": 18
      },
      "12": {
        "values": [
          72,
          72,
          66
        ],
        "mean": 70.0,
        "stdev": 3.4641016151377544,
        "min": 66,
        "max": 72,
        "range": 6
      }
    },
    "nose": {
      "4": {
        "values": [
          16,
          40,
          17
        ],
        "mean": 24.333333333333332,
        "stdev": 13.576941236277534,
        "min": 16,
        "max": 40,
        "range": 24
      },
      "8": {
        "values": [
          62,
          60,
          69
        ],
        "mean": 63.666666666666664,
        "stdev": 4.725815626252609,
        "min": 60,
        "max": 69,
        "range": 9
      },
      "12": {
        "values": [
          72,
          74,
          84
        ],
        "mean": 76.66666666666667,
        "stdev": 6.429100507328637,
        "min": 72,
        "max": 84,
        "range": 12
      }
    },
    "left_eye": {
      "4": {
        "values": [
          18,
          23,
          23
        ],
        "mean": 21.333333333333332,
        "stdev": 2.8867513459481287,
        "min": 18,
        "max": 23,
        "range": 5
      },
      "8": {
        "values": [
          38,
          57,
          75
        ],
        "mean": 56.666666666666664,
        "stdev": 18.502252115170556,
        "min": 38,
        "max": 75,
        "range": 37
      },
      "12": {
        "values": [
          58,
          72,
          84
        ],
        "mean": 71.33333333333333,
        "stdev": 13.012814197295423,
        "min": 58,
        "max": 84,
        "range": 26
      }
    },
    "right_eye": {
      "4": {
        "values": [
          18,
          19,
          18
        ],
        "mean": 18.333333333333332,
        "stdev": 0.5773502691896257,
        "min": 18,
        "max": 19,
        "range": 1
      },
      "8": {
        "values": [
          41,
          65,
          46
        ],
        "mean": 50.666666666666664,
        "stdev": 12.662279942148386,
        "min": 41,
        "max": 65,
        "range": 24
      },
      "12": {
        "values": [
          60,
          73,
          66
        ],
        "mean": 66.33333333333333,
        "stdev": 6.506407098647712,
        "min": 60,
        "max": 73,
        "range": 13
      }
    },
    "mouth_outer": {
      "4": {
        "values": [
          28,
          24,
          33
        ],
        "mean": 28.333333333333332,
        "stdev": 4.509249752822894,
        "min": 24,
        "max": 33,
        "range": 9
      },
      "8": {
        "values": [
          49,
          62,
          48
        ],
        "mean": 53.0,
        "stdev": 7.810249675906654,
        "min": 48,
        "max": 62,
        "range": 14
      },
      "12": {
        "values": [
          65,
          69,
          63
        ],
        "mean": 65.66666666666667,
        "stdev": 3.0550504633038935,
        "min": 63,
        "max": 69,
        "range": 6
      }
    },
    "mouth_inner": {
      "4": {
        "values": [
          27,
          35,
          29
        ],
        "mean": 30.333333333333332,
        "stdev": 4.163331998932265,
        "min": 27,
        "max": 35,
        "range": 8
      },
      "8": {
        "values": [
          47,
          64,
          47
        ],
        "mean": 52.666666666666664,
        "stdev": 9.814954576223638,
        "min": 47,
        "max": 64,
        "range": 17
      },
      "12": {
        "values": [
          62,
          74,
          58
        ],
        "mean": 64.66666666666667,
        "stdev": 8.32666399786453,
        "min": 58,
        "max": 74,
        "range": 16
      }
    }
  },
  "rank_per_radius": {
    "4": {
      "contour": 8,
      "left_brow": 2,
      "right_brow": 3,
      "nose": 5,
      "left_eye": 4,
      "right_eye": 1,
      "mouth_outer": 6,
      "mouth_inner": 7
    },
    "8": {
      "contour": 8,
      "left_brow": 6,
      "right_brow": 1,
      "nose": 7,
      "left_eye": 5,